{
    "prepare_queue": {
        "installed": [],
        "uninstalled": []
    },
    "config_munge": {
        "files": {
            "res/xml/config.xml": {
                "parents": {
                    "/*": [
                        {
                            "xml": "<feature name=\"Device\"><param name=\"android-package\" value=\"org.apache.cordova.device.Device\" /></feature>",
                            "count": 1
                        },
                        {
                            "xml": "<feature name=\"SplashScreen\"><param name=\"android-package\" value=\"org.apache.cordova.splashscreen.SplashScreen\" /><param name=\"onload\" value=\"true\" /></feature>",
                            "count": 1
                        },
                        {
                            "xml": "<feature name=\"StatusBar\"><param name=\"android-package\" value=\"org.apache.cordova.statusbar.StatusBar\" /><param name=\"onload\" value=\"true\" /></feature>",
                            "count": 1
                        },
                        {
                            "xml": "<feature name=\"Whitelist\"><param name=\"android-package\" value=\"org.apache.cordova.whitelist.WhitelistPlugin\" /><param name=\"onload\" value=\"true\" /></feature>",
                            "count": 1
                        },
                        {
                            "xml": "<feature name=\"Keyboard\"><param name=\"android-package\" value=\"io.ionic.keyboard.IonicKeyboard\" /><param name=\"onload\" value=\"true\" /></feature>",
                            "count": 1
                        },
                        {
                            "xml": "<feature name=\"FCMPlugin\"><param name=\"android-package\" value=\"com.gae.scaffolder.plugin.FCMPlugin\" /><param name=\"onload\" value=\"true\" /></feature>",
                            "count": 1
                        }
                    ]
                }
            },
            "AndroidManifest.xml": {
                "parents": {
                    "/manifest/application": [
                        {
                            "xml": "<activity android:exported=\"true\" android:launchMode=\"singleTop\" android:name=\"com.gae.scaffolder.plugin.FCMPluginActivity\"><intent-filter><action android:name=\"FCM_PLUGIN_ACTIVITY\" /><category android:name=\"android.intent.category.DEFAULT\" /></intent-filter></activity>",
                            "count": 1
                        },
                        {
                            "xml": "<service android:name=\"com.gae.scaffolder.plugin.MyFirebaseMessagingService\"><intent-filter><action android:name=\"com.google.firebase.MESSAGING_EVENT\" /></intent-filter></service>",
                            "count": 1
                        },
                        {
                            "xml": "<service android:name=\"com.gae.scaffolder.plugin.MyFirebaseInstanceIDService\"><intent-filter><action android:name=\"com.google.firebase.INSTANCE_ID_EVENT\" /></intent-filter></service>",
                            "count": 1
                        }
                    ]
                }
            }
        }
    },
    "installed_plugins": {
        "cordova-plugin-console": {
            "PACKAGE_NAME": "com.ionicframework.firebase707657"
        },
        "cordova-plugin-device": {
            "PACKAGE_NAME": "com.ionicframework.firebase707657"
        },
        "cordova-plugin-splashscreen": {
            "PACKAGE_NAME": "com.ionicframework.firebase707657"
        },
        "cordova-plugin-statusbar": {
            "PACKAGE_NAME": "com.ionicframework.firebase707657"
        },
        "cordova-plugin-whitelist": {
            "PACKAGE_NAME": "com.ionicframework.firebase707657"
        },
        "ionic-plugin-keyboard": {
            "PACKAGE_NAME": "com.ionicframework.firebase707657"
        },
        "cordova-plugin-fcm": {
            "PACKAGE_NAME": "com.ionicframework.firebase707657"
        }
    },
    "dependent_plugins": {},
    "modules": [
        {
            "file": "plugins/cordova-plugin-device/www/device.js",
            "id": "cordova-plugin-device.device",
            "clobbers": [
                "device"
            ]
        },
        {
            "file": "plugins/cordova-plugin-splashscreen/www/splashscreen.js",
            "id": "cordova-plugin-splashscreen.SplashScreen",
            "clobbers": [
                "navigator.splashscreen"
            ]
        },
        {
            "file": "plugins/cordova-plugin-statusbar/www/statusbar.js",
            "id": "cordova-plugin-statusbar.statusbar",
            "clobbers": [
                "window.StatusBar"
            ]
        },
        {
            "file": "plugins/ionic-plugin-keyboard/www/android/keyboard.js",
            "id": "ionic-plugin-keyboard.keyboard",
            "clobbers": [
                "cordova.plugins.Keyboard"
            ],
            "runs": true
        },
        {
            "file": "plugins/cordova-plugin-fcm/www/FCMPlugin.js",
            "id": "cordova-plugin-fcm.FCMPlugin",
            "clobbers": [
                "FCMPlugin"
            ]
        }
    ],
    "plugin_metadata": {
        "cordova-plugin-console": "1.0.3",
        "cordova-plugin-device": "1.1.2",
        "cordova-plugin-splashscreen": "3.2.2",
        "cordova-plugin-statusbar": "2.1.3",
        "cordova-plugin-whitelist": "1.2.2",
        "ionic-plugin-keyboard": "2.2.1",
        "cordova-plugin-fcm": "1.1.4"
    }
}