{
  "project_info": {
    "project_number": "247714796637",
    "firebase_url": "https://fir-ff858.firebaseio.com",
    "project_id": "fir-ff858",
    "storage_bucket": "fir-ff858.appspot.com"
  },
  "client": [
    {
      "client_info": {
        "mobilesdk_app_id": "1:247714796637:android:1440119522cec60b",
        "android_client_info": {
          "package_name": "com.ionicframework.firebase767255"
        }
      },
      "oauth_client": [
        {
          "client_id": "247714796637-knu424e5aibgc4p994gnsbja7349odf5.apps.googleusercontent.com",
          "client_type": 1,
          "android_info": {
            "package_name": "com.ionicframework.firebase767255",
            "certificate_hash": "A797B093B3579ACE8EA4161539FDC7016C41A107"
          }
        },
        {
          "client_id": "247714796637-be85h04983mnaqfq7fc6805soj5bp7tp.apps.googleusercontent.com",
          "client_type": 3
        }
      ],
      "api_key": [
        {
          "current_key": "AIzaSyAEEeP125oF3alNiVY_cBsh5QBXryM9fHc"
        }
      ],
      "services": {
        "analytics_service": {
          "status": 1
        },
        "appinvite_service": {
          "status": 2,
          "other_platform_oauth_client": [
            {
              "client_id": "247714796637-be85h04983mnaqfq7fc6805soj5bp7tp.apps.googleusercontent.com",
              "client_type": 3
            }
          ]
        },
        "ads_service": {
          "status": 2
        }
      }
    },
    {
      "client_info": {
        "mobilesdk_app_id": "1:247714796637:android:312a4458f906a6f7",
        "android_client_info": {
          "package_name": "com.ionicframework.firebase707657"
        }
      },
      "oauth_client": [
        {
          "client_id": "247714796637-be85h04983mnaqfq7fc6805soj5bp7tp.apps.googleusercontent.com",
          "client_type": 3
        }
      ],
      "api_key": [
        {
          "current_key": "AIzaSyAEEeP125oF3alNiVY_cBsh5QBXryM9fHc"
        }
      ],
      "services": {
        "analytics_service": {
          "status": 1
        },
        "appinvite_service": {
          "status": 1,
          "other_platform_oauth_client": []
        },
        "ads_service": {
          "status": 2
        }
      }
    }
  ],
  "configuration_version": "1"
}